{"cameraMode":{"drawMode":0,"name":"Shaded","section":"Shading Mode"},"sceneLighting":false,"audioPlay":false,"sceneViewState":{"m_AlwaysRefresh":false,"showFog":true,"showSkybox":false,"showFlares":true,"showImageEffects":true,"showParticleSystems":true,"showVisualEffectGraphs":true,"m_FxEnabled":true},"in2DMode":false,"pivot":{"x":-1.7301278114318848,"y":7.460432052612305,"z":-1.6604061126708985},"rotation":{"x":0.07224936783313751,"y":-0.005353589076548815,"z":0.0004257671535015106,"w":0.9974201917648315},"size":1.7320506572723389,"orthographic":false}